Home Team,Home TeamId,Home Actual,Home Predicted,Away Team,Away TeamId,Away Actual,Away Predicted,Home Error,Away Error,Home Accuracy (%),Away Accuracy (%)
Tottenham,30,0,1.225698194866542,Arsenal,13,2,3.274325593765683,1.225698194866542,1.274325593765683,22.57,57.52
Wolverhampton,161,0,0.47187516673469077,Arsenal,13,2,2.113740612153382,0.47187516673469077,0.11374061215338216,52.81,96.21
Arsenal,13,2,3.073317777867217,Aston Villa,24,1,1.5322717774866614,1.0733177778672172,0.5322717774866614,64.22,73.39
Liverpool,26,2,1.998809448762799,Arsenal,13,2,2.251096232152287,0.0011905512372010207,0.25109623215228716,99.96,91.63
Arsenal,13,0,0.25158687147434655,Brighton,211,3,3.3603249579425114,0.25158687147434655,0.3603249579425114,74.84,90.99
Arsenal,13,3,3.195780830346335,Bournemouth,183,2,1.551858770549286,0.19578083034633487,0.4481412294507141,95.11,85.06
Brentford,189,0,0.6411997376954766,Arsenal,13,3,3.2116374493916418,0.6411997376954766,0.21163744939164175,35.88,94.71
Fulham,170,0,0.2513524157418807,Arsenal,13,3,3.4952797376728206,0.2513524157418807,0.49527973767282063,74.86,87.62
